"success","timeout","failed_images","failed_audio","failed_video","trial_type","trial_index","time_elapsed","internal_node_id","allfinishedtrials","rt","stimulus","response","question_order","responses","partNum","set_size_l","set_size_r","display_type"
"true","false","[]","[]","[]","preload","0","42","0.0-0.0-0.0","8.000000000000002","","","","","","","","",""
"true","false","[]","[]","[]","preload","1","145","0.0-0.0-1.0","8.000000000000002","","","","","","","","",""
"true","","","","","fullscreen","2","3611","0.0-0.0-2.0","8.000000000000002","","","","","","","","",""
"","","","","","html-keyboard-response","3","4160","0.0-0.0-3.0","8.000000000000002","true","NaN","true","","","","","",""
"","","","","","survey-multi-select","4","10057","0.0-0.0-4.0","8.000000000000002","5890.0999999940395","","{""Consent1"":[""Check here""],""Consent2"":[""Check here""],""Consent3"":[""Check here""]}","[0,1,2]","","","","",""
"","","","","","html-keyboard-response","5","10598","0.0-0.0-5.0","8.000000000000002","true","NaN","true","","","","","",""
"","","","","","survey-text","6","17023","0.0-0.0-6.0","8.000000000000002","6423","","","","{""Q0"":""32"",""Q1"":""f"",""Q2"":""n""}","""n""","","",""
"","","","","","html-keyboard-response","7","17567","0.0-0.0-7.0","8.000000000000002","true","
         <p>In this experiment, two scenes containing black and white dots will appear side by side. </p>
       
        <div style='float: left;'><img width = 600px src='img/vis_grid.png'></img> <br>

        </p>The scenes will disappear after 2 seconds, followed by 2 questions whose answers can be chosen by pressing the buttons: </p>
        <p>(1) Which scene has more dots? <br>
        <button class = ""mybutton"">Left</button><button class = ""mybutton"">Right</button> </p>

        <p>(2) How confident are you about your judgment? <br>
        <button class = ""mybutton"">High</button><br><button class = ""mybutton"">Low</button> </p>


        <p>Press any key to begin.</p>
      ","true","","","","","",""
"","","","","","html-keyboard-response","8","18589","0.0-0.0-8.0-0.0","8.000000000000002","true","<div style=""font-size:60px;"">+ <p></p></div>","true","","","","","",""
"","","","","","visual-array-stimuli-stillimage","9","18797","0.0-0.0-8.0-1.0","8.000000000000002","","","","","","","1","1","fake"
"","","","","","visual-array-stimuli","10","20805","0.0-0.0-8.0-2.0","8.000000000000002","","","","","","","1","1","fake"
"","","","","","html-button-response","11","21882","0.0-0.0-8.0-3.0","8.000000000000002","1069.199999988079","Which scene has more dots? <p></p> ","1","","","","","",""
"","","","","","html-button-response-vertical","12","22643","0.0-0.0-8.0-4.0","8.000000000000002","755","How confident are you about your judgment? <p></p> ","0","","","","","",""
"","","","","","html-keyboard-response","13","23020","0.0-0.0-8.0-0.1","8.000000000000002","true","<div style=""font-size:60px;"">+ <p></p></div>","true","","","","","",""
"","","","","","visual-array-stimuli-stillimage","14","23224","0.0-0.0-8.0-1.1","8.000000000000002","","","","","","","7","5","left_occlude; right_no"
"","","","","","visual-array-stimuli","15","25231","0.0-0.0-8.0-2.1","8.000000000000002","","","","","","","7","5","left_occlude; right_no"
"","","","","","html-button-response","16","26383","0.0-0.0-8.0-3.1","8.000000000000002","1146.0999999940395","Which scene has more dots? <p></p> ","1","","","","","",""
"","","","","","html-button-response-vertical","17","27233","0.0-0.0-8.0-4.1","8.000000000000002","844.5","How confident are you about your judgment? <p></p> ","1","","","","","",""
"","","","","","html-keyboard-response","18","27566","0.0-0.0-8.0-0.2","8.000000000000002","true","<div style=""font-size:60px;"">+ <p></p></div>","true","","","","","",""
"","","","","","visual-array-stimuli-stillimage","19","27774","0.0-0.0-8.0-1.2","8.000000000000002","","","","","","","5","7","both-no"
"","","","","","visual-array-stimuli","20","29780","0.0-0.0-8.0-2.2","8.000000000000002","","","","","","","5","7","both-no"
"","","","","","html-button-response","21","30689","0.0-0.0-8.0-3.2","8.000000000000002","904.5","Which scene has more dots? <p></p> ","0","","","","","",""
"","","","","","html-button-response-vertical","22","31497","0.0-0.0-8.0-4.2","8.000000000000002","801.8000000119209","How confident are you about your judgment? <p></p> ","0","","","","","",""
"","","","","","html-keyboard-response","23","31922","0.0-0.0-8.0-0.3","8.000000000000002","true","<div style=""font-size:60px;"">+ <p></p></div>","true","","","","","",""
"","","","","","visual-array-stimuli-stillimage","24","32126","0.0-0.0-8.0-1.3","8.000000000000002","","","","","","","5","7","both-occlude"
"","","","","","visual-array-stimuli","25","34132","0.0-0.0-8.0-2.3","8.000000000000002","","","","","","","5","7","both-occlude"
"","","","","","html-button-response","26","35073","0.0-0.0-8.0-3.3","8.000000000000002","935.4000000059605","Which scene has more dots? <p></p> ","1","","","","","",""
"","","","","","html-button-response-vertical","27","35815","0.0-0.0-8.0-4.3","8.000000000000002","736.2999999821186","How confident are you about your judgment? <p></p> ","0","","","","","",""
"","","","","","html-keyboard-response","28","36199","0.0-0.0-8.0-0.4","8.000000000000002","true","<div style=""font-size:60px;"">+ <p></p></div>","true","","","","","",""
"","","","","","visual-array-stimuli-stillimage","29","36405","0.0-0.0-8.0-1.4","8.000000000000002","","","","","","","6","6","left_no; right_occlude"
"","","","","","visual-array-stimuli","30","38413","0.0-0.0-8.0-2.4","8.000000000000002","","","","","","","6","6","left_no; right_occlude"
"","","","","","html-button-response","31","39514","0.0-0.0-8.0-3.4","8.000000000000002","1096","Which scene has more dots? <p></p> ","0","","","","","",""
"","","","","","html-button-response-vertical","32","40402","0.0-0.0-8.0-4.4","8.000000000000002","882.3000000119209","How confident are you about your judgment? <p></p> ","1","","","","","",""
"","","","","","html-keyboard-response","33","40798","0.0-0.0-8.0-0.5","8.000000000000002","true","<div style=""font-size:60px;"">+ <p></p></div>","true","","","","","",""
"","","","","","visual-array-stimuli-stillimage","34","41005","0.0-0.0-8.0-1.5","8.000000000000002","","","","","","","6","6","both-no"
"","","","","","visual-array-stimuli","35","43013","0.0-0.0-8.0-2.5","8.000000000000002","","","","","","","6","6","both-no"
"","","","","","html-button-response","36","43987","0.0-0.0-8.0-3.5","8.000000000000002","968.3000000119209","Which scene has more dots? <p></p> ","0","","","","","",""
"","","","","","html-button-response-vertical","37","44758","0.0-0.0-8.0-4.5","8.000000000000002","765.1999999880791","How confident are you about your judgment? <p></p> ","0","","","","","",""
"","","","","","html-keyboard-response","38","45130","0.0-0.0-8.0-0.6","8.000000000000002","true","<div style=""font-size:60px;"">+ <p></p></div>","true","","","","","",""
"","","","","","visual-array-stimuli-stillimage","39","45335","0.0-0.0-8.0-1.6","8.000000000000002","","","","","","","6","6","both-occlude"
"","","","","","visual-array-stimuli","40","47343","0.0-0.0-8.0-2.6","8.000000000000002","","","","","","","6","6","both-occlude"
"","","","","","html-button-response","41","48690","0.0-0.0-8.0-3.6","8.000000000000002","1341.5999999940395","Which scene has more dots? <p></p> ","1","","","","","",""
"","","","","","html-button-response-vertical","42","49349","0.0-0.0-8.0-4.6","8.000000000000002","653.9000000059605","How confident are you about your judgment? <p></p> ","1","","","","","",""
"","","","","","html-keyboard-response","43","49617","0.0-0.0-8.0-0.7","8.000000000000002","true","<div style=""font-size:60px;"">+ <p></p></div>","true","","","","","",""
"","","","","","visual-array-stimuli-stillimage","44","49820","0.0-0.0-8.0-1.7","8.000000000000002","","","","","","","1","1","fake"
"","","","","","visual-array-stimuli","45","51823","0.0-0.0-8.0-2.7","8.000000000000002","","","","","","","1","1","fake"
"","","","","","html-button-response","46","53096","0.0-0.0-8.0-3.7","8.000000000000002","1266.2000000178814","Which scene has more dots? <p></p> ","0","","","","","",""
